pfile,n_lm,time
1,13.0,0.015262999999999999
2,17.0,0.0306315
3,26.0,0.056911500000000004
4,19.0,0.0541765
5,47.0,0.140088
